keyword,position,domain,title
repair garage door near me,,www.yelp.com,"TOP 10 BEST Garage Door Repair in Gilbert, AZ"
repair garage door near me,,jacobgaragedoorrepairgilbert.com,Gilbert Garage Door Repair (Fast Same Day Service)
repair garage door near me,,4sonsgaragedoor.com,Garage Door Repair Gilbert AZ | Installations & Service
repair garage door near me,,bluefoxgaragedoors.com,Blue Fox Garage Doors | Garage Door Repair & Installation ...
repair garage door near me,,a1garage.com,Garage Door Repair Gilbert AZ
repair garage door near me,,garagedoorsatchandler.com,Superior Gilbert Garage Door Repair
repair garage door near me,,goodygaragedoors.com,"Garage Door Repair Gilbert, AZ"
repair garage door near me,,mastercraftgaragedoorservice.com,Affordable Garage Door Repair & Install Gilbert AZ ... - Mesa
repair garage door near me,,homeguide.com,"The 10 Best Garage Door Installers in Gilbert, AZ (2026)"
repair garage door near me,,samedaygaragedoorservices.com,"Same Day Garage Door Services | Fast, Reliable Garage ..."
repair garage door near me,,cactusgaragedooraz.com,Gilbert Garage Door Repair
repair garage door near me,,www.garagedoorrepairsgilbert.com,"Garage Door Repairs Gilbert - Gilbert, AZ"
repair garage door near me,,www.clopaydoor.com,"Find Garage Doors in Gilbert, AZ | Clopay®"
repair garage door near me,,www.gilbertgaragerepair.com,Garage Door Repair - Gilbert
repair garage door near me,,kaisergarage.com,"5 Star Garage Door Repair & Sales Co. in Gilbert, AZ"
repair garage door near me,,garagedoorgrunts.com,Garage Door Repair & Service in Gilbert AZ
repair garage door near me,,coyotegaragedoors.com,Coyote Garage Doors - Best Garage Door Repair Service in ...
repair garage door near me,,gilbertazgaragedoor.com,Gilbert AZ Garage Door | Repair And Installation
repair garage door near me,,www.localprobook.com,"Garage Door Companies Near Me - Gilbert, AZ"
near me garage door repair,,www.yelp.com,"TOP 10 BEST Garage Door Repair in Gilbert, AZ"
near me garage door repair,,jacobgaragedoorrepairgilbert.com,Gilbert Garage Door Repair (Fast Same Day Service)
near me garage door repair,,4sonsgaragedoor.com,Garage Door Repair Gilbert AZ | Installations & Service
near me garage door repair,,a1garage.com,Garage Door Repair Gilbert AZ
near me garage door repair,,bluefoxgaragedoors.com,Blue Fox Garage Doors | Garage Door Repair & Installation ...
near me garage door repair,,garagedoorsatchandler.com,Superior Gilbert Garage Door Repair
near me garage door repair,,mastercraftgaragedoorservice.com,Affordable Garage Door Repair & Install Gilbert AZ ... - Mesa
near me garage door repair,,samedaygaragedoorservices.com,"Same Day Garage Door Services | Fast, Reliable Garage ..."
near me garage door repair,,homeguide.com,"The 10 Best Garage Door Installers in Gilbert, AZ (2026)"
near me garage door repair,,coyotegaragedoors.com,Coyote Garage Doors - Best Garage Door Repair Service in ...
near me garage door repair,,www.gilbertgaragerepair.com,Garage Door Repair - Gilbert
near me garage door repair,,bluefoxgaragedoors.com,Blue Fox Garage Doors | Garage Door Repair & Installation ...
near me garage door repair,,gilbertazgaragedoor.com,Gilbert AZ Garage Door | Repair And Installation
near me garage door repair,,garagedoorsatchandler.com,Superior Gilbert Garage Door Repair
near me garage door repair,,www.garagedoorrepairgilbertaz.com,Gilbert's Premier Garage Door Repair Service
near me garage door repair,,jacobgaragedoorrepairgilbert.com,Garage Door Repair Services in Gilbert
near me garage door repair,,www.gilbertgaragedoorrepair.us,"Same Day Garage Door Repair in Gilbert, Arizona"
near me garage door repair,,www.clopaydoor.com,"Find Garage Doors in Gilbert, AZ | Clopay®"
near me garage door repair,,www.gilbertgaragerepair.com,Residential garage door repair gilbert
garage door repair near me,,www.yelp.com,"TOP 10 BEST Garage Door Services in Gilbert, AZ"
garage door repair near me,,jacobgaragedoorrepairgilbert.com,Gilbert Garage Door Repair (Fast Same Day Service)
garage door repair near me,,kaisergarage.com,"5 Star Garage Door Repair & Sales Co. in Gilbert, AZ"
garage door repair near me,,4sonsgaragedoor.com,Garage Door Repair Gilbert AZ | Installations & Service
garage door repair near me,,a1garage.com,Garage Door Repair Gilbert AZ
garage door repair near me,,garagedoorgrunts.com,Garage Door Repair & Service in Gilbert AZ
garage door repair near me,,localgaragesolutions.com,"Garage Door Repair & Installation in Gilbert, AZ"
garage door repair near me,,bluefoxgaragedoors.com,Blue Fox Garage Doors | Garage Door Repair & Installation ...
garage door repair near me,,mastercraftgaragedoorservice.com,Affordable Garage Door Repair & Install Gilbert AZ ... - Mesa
garage door repair near me,,www.gilbertgaragerepair.com,Garage Door Repair - Gilbert
garage door repair near me,,www.garagedoorrepairsgilbert.com,"Garage Door Repairs Gilbert - Gilbert, AZ"
garage door repair near me,,www.garagedoorgilbert.com,"Garage Door Gilbert - Gilbert, AZ"
garage door repair near me,,coyotegaragedoors.com,Coyote Garage Doors - Best Garage Door Repair Service in ...
garage door repair near me,,www.garagedoorrepairqueencreek-az.com,Garage Door Repair Gilbert AZ - (480) 210-1732 - Affordable!
garage door repair near me,,www.garagedoor-repairmesaaz.com,Garage Door Repair Gilbert AZ - (602) 782-3564
garage door repair near me,,garagedoorrepairqueencreekaz.com,Garage Door Repair Gilbert AZ - (480) 210-4305 - Affordable!
garage door repair near me,,gilbertazgaragedoor.com,Gilbert AZ Garage Door | Repair And Installation
garage door repair near me,,www.callriteaway.com,"The trusted garage door team serving Gilbert, AZ"
garage door repair near me,,www.garagedoor-repair-gilbert-az.com,Garage Door Installation Gilbert AZ - (602) 704-5756
